move,dc,day,hour,minute,total-minute,latitude,longitude,id,entity-type,speed,heading,direction,cargo,country,port-achieved,next-port,previous-port
200,2183,3,2,0,3000,33.688,129.907083,Shinkai,oil-tanker,6,65,east,refined petroleum,Japan,FALSE,Fukuoka,Nagasaki
199,2174,3,1,45,2985,33.681143,129.8925,Shinkai,oil-tanker,6,65,east,refined petroleum,Japan,FALSE,Fukuoka,Nagasaki
198,2155,3,1,30,2970,33.674286,129.877917,Shinkai,oil-tanker,6,65,east,refined petroleum,Japan,FALSE,Fukuoka,Nagasaki
197,2143,3,1,15,2955,33.667429,129.863333,Shinkai,oil-tanker,6,65,east,refined petroleum,Japan,FALSE,Fukuoka,Nagasaki
196,2134,3,1,0,2940,33.660571,129.84875,Shinkai,oil-tanker,6,65,east,refined petroleum,Japan,FALSE,Fukuoka,Nagasaki
195,2126,3,0,45,2925,33.653714,129.834167,Shinkai,oil-tanker,6,65,east,refined petroleum,Japan,FALSE,Fukuoka,Nagasaki
194,2119,3,0,30,2910,33.646857,129.819583,Shinkai,oil-tanker,6,65,east,refined petroleum,Japan,FALSE,Fukuoka,Nagasaki
193,2110,3,0,15,2895,33.64,129.805,Shinkai,oil-tanker,6,65,east,refined petroleum,Japan,FALSE,Fukuoka,Nagasaki
192,2103,3,0,0,2880,33.633143,129.790417,Shinkai,oil-tanker,6,65,east,refined petroleum,Japan,FALSE,Fukuoka,Nagasaki
191,2091,2,23,45,2865,33.626286,129.775833,Shinkai,oil-tanker,6,65,east,refined petroleum,Japan,FALSE,Fukuoka,Nagasaki
190,2081,2,23,30,2850,33.619429,129.76125,Shinkai,oil-tanker,6,65,east,refined petroleum,Japan,FALSE,Fukuoka,Nagasaki
189,2072,2,23,15,2835,33.612571,129.746667,Shinkai,oil-tanker,6,65,east,refined petroleum,Japan,FALSE,Fukuoka,Nagasaki
188,2062,2,23,0,2820,33.605714,129.732083,Shinkai,oil-tanker,6,65,east,refined petroleum,Japan,FALSE,Fukuoka,Nagasaki
187,2051,2,22,45,2805,33.598857,129.7175,Shinkai,oil-tanker,6,65,east,refined petroleum,Japan,FALSE,Fukuoka,Nagasaki
186,2042,2,22,30,2790,33.592,129.702917,Shinkai,oil-tanker,6,65,east,refined petroleum,Japan,FALSE,Fukuoka,Nagasaki
185,2032,2,22,15,2775,33.585143,129.688333,Shinkai,oil-tanker,6,65,east,refined petroleum,Japan,FALSE,Fukuoka,Nagasaki
184,2021,2,22,0,2760,33.578286,129.67375,Shinkai,oil-tanker,6,65,east,refined petroleum,Japan,FALSE,Fukuoka,Nagasaki
183,2002,2,21,45,2745,33.571429,129.659167,Shinkai,oil-tanker,3,65,east,refined petroleum,Japan,FALSE,Fukuoka,Nagasaki
182,1991,2,21,30,2730,33.566857,129.641667,Shinkai,oil-tanker,6,69,east,refined petroleum,Japan,FALSE,Fukuoka,Nagasaki
181,1982,2,21,15,2715,33.562286,129.624167,Shinkai,oil-tanker,6,69,east,refined petroleum,Japan,FALSE,Fukuoka,Nagasaki
180,1971,2,21,0,2700,33.557714,129.606667,Shinkai,oil-tanker,6,69,east,refined petroleum,Japan,FALSE,Fukuoka,Nagasaki
179,1962,2,20,45,2685,33.553143,129.589167,Shinkai,oil-tanker,6,69,east,refined petroleum,Japan,FALSE,Fukuoka,Nagasaki
178,1951,2,20,30,2670,33.548571,129.571667,Shinkai,oil-tanker,6,69,east,refined petroleum,Japan,FALSE,Fukuoka,Nagasaki
177,1942,2,20,15,2655,33.544,129.554167,Shinkai,oil-tanker,6,69,east,refined petroleum,Japan,FALSE,Fukuoka,Nagasaki
176,1931,2,20,0,2640,33.539429,129.536667,Shinkai,oil-tanker,6,69,east,refined petroleum,Japan,FALSE,Fukuoka,Nagasaki
175,1921,2,19,45,2625,33.534857,129.519167,Shinkai,oil-tanker,6,69,east,refined petroleum,Japan,FALSE,Fukuoka,Nagasaki
174,1912,2,19,30,2610,33.530286,129.501667,Shinkai,oil-tanker,6,69,east,refined petroleum,Japan,FALSE,Fukuoka,Nagasaki
173,1901,2,19,15,2595,33.525714,129.484167,Shinkai,oil-tanker,6,69,east,refined petroleum,Japan,FALSE,Fukuoka,Nagasaki
172,1892,2,19,0,2580,33.521143,129.466667,Shinkai,oil-tanker,6,69,east,refined petroleum,Japan,FALSE,Fukuoka,Nagasaki
171,1872,2,18,45,2565,33.516571,129.449167,Shinkai,oil-tanker,6,69,east,refined petroleum,Japan,FALSE,none,Nagasaki
170,1862,2,18,30,2550,33.512,129.431667,Shinkai,oil-tanker,3,69,east,refined petroleum,Japan,FALSE,none,Nagasaki
169,1852,2,18,15,2535,33.514286,129.417083,Shinkai,oil-tanker,0,142,south,refined petroleum,Japan,TRUE,Nagasaki,Tsushima
168,1845,2,18,0,2520,33.514286,129.417083,Shinkai,oil-tanker,0,142,south,refined petroleum,Japan,TRUE,Nagasaki,Tsushima
167,1837,2,17,45,2505,33.514286,129.417083,Shinkai,oil-tanker,0,142,south,refined petroleum,Japan,TRUE,Nagasaki,Tsushima
166,1828,2,17,30,2490,33.514286,129.417083,Shinkai,oil-tanker,0,142,south,refined petroleum,Japan,TRUE,Nagasaki,Tsushima
165,1821,2,17,15,2475,33.514286,129.417083,Shinkai,oil-tanker,0,142,south,refined petroleum,Japan,TRUE,Nagasaki,Tsushima
164,1800,2,17,0,2460,33.514286,129.417083,Shinkai,oil-tanker,6,142,south,refined petroleum,Japan,FALSE,Nagasaki,Tsushima
163,1789,2,16,45,2445,33.525714,129.405417,Shinkai,oil-tanker,6,142,south,refined petroleum,Japan,FALSE,Nagasaki,Tsushima
162,1780,2,16,30,2430,33.537143,129.39375,Shinkai,oil-tanker,3,142,south,refined petroleum,Japan,FALSE,Nagasaki,Tsushima
161,1770,2,16,15,2415,33.546286,129.382083,Shinkai,oil-tanker,18,146,south,refined petroleum,Japan,FALSE,Nagasaki,Tsushima
160,1760,2,16,0,2400,33.580571,129.352917,Shinkai,oil-tanker,18,146,south,refined petroleum,Japan,FALSE,Nagasaki,Tsushima
159,1750,2,15,45,2385,33.614857,129.32375,Shinkai,oil-tanker,18,146,south,refined petroleum,Japan,FALSE,Nagasaki,Tsushima
158,1730,2,15,30,2370,33.649143,129.294583,Shinkai,oil-tanker,18,146,south,refined petroleum,Japan,FALSE,none,Tsushima
157,1719,2,15,15,2355,33.683429,129.265417,Shinkai,oil-tanker,9,146,south,refined petroleum,Japan,FALSE,none,Tsushima
156,1710,2,15,0,2340,33.72,129.256667,Shinkai,oil-tanker,18,193,south,refined petroleum,Japan,FALSE,Nagasaki,Tsushima
155,1699,2,14,45,2325,33.761143,129.268333,Shinkai,oil-tanker,18,193,south,refined petroleum,Japan,FALSE,Nagasaki,Tsushima
154,1690,2,14,30,2310,33.802286,129.28,Shinkai,oil-tanker,18,193,south,refined petroleum,Japan,FALSE,Nagasaki,Tsushima
153,1680,2,14,15,2295,33.843429,129.291667,Shinkai,oil-tanker,18,193,south,refined petroleum,Japan,FALSE,Nagasaki,Tsushima
152,1669,2,14,0,2280,33.884571,129.303333,Shinkai,oil-tanker,18,193,south,refined petroleum,Japan,FALSE,Nagasaki,Tsushima
151,1660,2,13,45,2265,33.925714,129.315,Shinkai,oil-tanker,18,193,south,refined petroleum,Japan,FALSE,Nagasaki,Tsushima
150,1641,2,13,30,2250,33.966857,129.326667,Shinkai,oil-tanker,6,193,south,refined petroleum,Japan,FALSE,Nagasaki,Tsushima
149,1630,2,13,15,2235,33.980571,129.329583,Shinkai,oil-tanker,6,193,south,refined petroleum,Japan,FALSE,Nagasaki,Tsushima
148,1620,2,13,0,2220,33.994286,129.3325,Shinkai,oil-tanker,6,193,south,refined petroleum,Japan,FALSE,Nagasaki,Tsushima
147,1612,2,12,45,2205,34.008,129.335417,Shinkai,oil-tanker,6,193,south,refined petroleum,Japan,FALSE,Nagasaki,Tsushima
146,1604,2,12,30,2190,34.021714,129.338333,Shinkai,oil-tanker,6,193,south,refined petroleum,Japan,FALSE,Nagasaki,Tsushima
145,1596,2,12,15,2175,34.035429,129.34125,Shinkai,oil-tanker,6,193,south,refined petroleum,Japan,FALSE,Nagasaki,Tsushima
144,1588,2,12,0,2160,34.049143,129.344167,Shinkai,oil-tanker,6,193,south,refined petroleum,Japan,FALSE,Nagasaki,Tsushima
143,1569,2,11,45,2145,34.062857,129.347083,Shinkai,oil-tanker,6,193,south,refined petroleum,Japan,FALSE,none,Tsushima
142,1558,2,11,30,2130,34.076571,129.35,Shinkai,oil-tanker,3,193,south,refined petroleum,Japan,FALSE,none,Tsushima
141,1548,2,11,15,2115,34.083429,129.361667,Shinkai,oil-tanker,0,271,west,refined petroleum,Japan,TRUE,Tsushima,Fukuoka
140,1541,2,11,0,2100,34.083429,129.361667,Shinkai,oil-tanker,0,271,west,refined petroleum,Japan,TRUE,Tsushima,Fukuoka
139,1532,2,10,45,2085,34.083429,129.361667,Shinkai,oil-tanker,0,271,west,refined petroleum,Japan,TRUE,Tsushima,Fukuoka
138,1524,2,10,30,2070,34.083429,129.361667,Shinkai,oil-tanker,0,271,west,refined petroleum,Japan,TRUE,Tsushima,Fukuoka
137,1516,2,10,15,2055,34.083429,129.361667,Shinkai,oil-tanker,0,271,west,refined petroleum,Japan,TRUE,Tsushima,Fukuoka
136,1496,2,10,0,2040,34.083429,129.361667,Shinkai,oil-tanker,6,271,west,refined petroleum,Japan,FALSE,Tsushima,Fukuoka
135,1485,2,9,45,2025,34.083429,129.379167,Shinkai,oil-tanker,6,271,west,refined petroleum,Japan,FALSE,Tsushima,Fukuoka
134,1475,2,9,30,2010,34.083429,129.396667,Shinkai,oil-tanker,6,271,west,refined petroleum,Japan,FALSE,Tsushima,Fukuoka
133,1465,2,9,15,1995,34.083429,129.414167,Shinkai,oil-tanker,6,271,west,refined petroleum,Japan,FALSE,Tsushima,Fukuoka
132,1455,2,9,0,1980,34.083429,129.431667,Shinkai,oil-tanker,6,271,west,refined petroleum,Japan,FALSE,Tsushima,Fukuoka
131,1446,2,8,45,1965,34.083429,129.449167,Shinkai,oil-tanker,6,271,west,refined petroleum,Japan,FALSE,Tsushima,Fukuoka
130,1435,2,8,30,1950,34.083429,129.466667,Shinkai,oil-tanker,3,271,west,refined petroleum,Japan,FALSE,Tsushima,Fukuoka
129,1426,2,8,15,1935,34.083429,129.484167,Shinkai,oil-tanker,6,275,west,refined petroleum,Japan,FALSE,Tsushima,Fukuoka
128,1416,2,8,0,1920,34.081143,129.501667,Shinkai,oil-tanker,6,275,west,refined petroleum,Japan,FALSE,Tsushima,Fukuoka
127,1406,2,7,45,1905,34.078857,129.519167,Shinkai,oil-tanker,6,275,west,refined petroleum,Japan,FALSE,Tsushima,Fukuoka
126,1395,2,7,30,1890,34.076571,129.536667,Shinkai,oil-tanker,6,275,west,refined petroleum,Japan,FALSE,Tsushima,Fukuoka
125,1385,2,7,15,1875,34.074286,129.554167,Shinkai,oil-tanker,6,275,west,refined petroleum,Japan,FALSE,Tsushima,Fukuoka
124,1376,2,7,0,1860,34.072,129.571667,Shinkai,oil-tanker,6,275,west,refined petroleum,Japan,FALSE,Tsushima,Fukuoka
123,1366,2,6,45,1845,34.069714,129.589167,Shinkai,oil-tanker,6,275,west,refined petroleum,Japan,FALSE,Tsushima,Fukuoka
122,1356,2,6,30,1830,34.067429,129.606667,Shinkai,oil-tanker,6,275,west,refined petroleum,Japan,FALSE,Tsushima,Fukuoka
121,1336,2,6,15,1815,34.065143,129.624167,Shinkai,oil-tanker,18,275,west,refined petroleum,Japan,FALSE,Tsushima,Fukuoka
120,1326,2,6,0,1800,34.060571,129.676667,Shinkai,oil-tanker,18,275,west,refined petroleum,Japan,FALSE,Tsushima,Fukuoka
119,1316,2,5,45,1785,34.056,129.729167,Shinkai,oil-tanker,18,275,west,refined petroleum,Japan,FALSE,Tsushima,Fukuoka
118,1308,2,5,30,1770,34.051429,129.781667,Shinkai,oil-tanker,18,275,west,refined petroleum,Japan,FALSE,Tsushima,Fukuoka
117,1301,2,5,15,1755,34.046857,129.834167,Shinkai,oil-tanker,18,275,west,refined petroleum,Japan,FALSE,Tsushima,Fukuoka
116,1292,2,5,0,1740,34.042286,129.886667,Shinkai,oil-tanker,9,275,west,refined petroleum,Japan,FALSE,Tsushima,Fukuoka
115,1284,2,4,45,1725,34.037714,129.939167,Shinkai,oil-tanker,30,279,west,refined petroleum,Japan,FALSE,Tsushima,Fukuoka
114,1265,2,4,30,1710,34.026286,130.026667,Shinkai,oil-tanker,30,279,west,refined petroleum,Japan,FALSE,none,Fukuoka
113,1254,2,4,15,1695,34.014857,130.114167,Shinkai,oil-tanker,15,279,west,refined petroleum,Japan,FALSE,none,Fukuoka
112,1244,2,4,0,1680,33.980571,130.178333,Shinkai,oil-tanker,6,332,north,refined petroleum,Japan,FALSE,Busan,Fukuoka
111,1233,2,3,45,1665,33.969143,130.187083,Shinkai,oil-tanker,6,332,north,refined petroleum,Japan,FALSE,Busan,Fukuoka
110,1223,2,3,30,1650,33.957714,130.195833,Shinkai,oil-tanker,6,332,north,refined petroleum,Japan,FALSE,Busan,Fukuoka
109,1214,2,3,15,1635,33.946286,130.204583,Shinkai,oil-tanker,6,332,north,refined petroleum,Japan,FALSE,Busan,Fukuoka
108,1203,2,3,0,1620,33.934857,130.213333,Shinkai,oil-tanker,6,332,north,refined petroleum,Japan,FALSE,Busan,Fukuoka
107,1193,2,2,45,1605,33.923429,130.222083,Shinkai,oil-tanker,3,332,north,refined petroleum,Japan,FALSE,Busan,Fukuoka
106,1184,2,2,30,1590,33.909714,130.227917,Shinkai,oil-tanker,6,336,north,refined petroleum,Japan,FALSE,Busan,Fukuoka
105,1173,2,2,15,1575,33.898286,130.23375,Shinkai,oil-tanker,6,336,north,refined petroleum,Japan,FALSE,Busan,Fukuoka
104,1164,2,2,0,1560,33.886857,130.239583,Shinkai,oil-tanker,6,336,north,refined petroleum,Japan,FALSE,Busan,Fukuoka
103,1154,2,1,45,1545,33.875429,130.245417,Shinkai,oil-tanker,6,336,north,refined petroleum,Japan,FALSE,Busan,Fukuoka
102,1143,2,1,30,1530,33.864,130.25125,Shinkai,oil-tanker,6,336,north,refined petroleum,Japan,FALSE,Busan,Fukuoka
101,1134,2,1,15,1515,33.852571,130.257083,Shinkai,oil-tanker,6,336,north,refined petroleum,Japan,FALSE,Busan,Fukuoka
100,1124,2,1,0,1500,33.841143,130.262917,Shinkai,oil-tanker,6,336,north,refined petroleum,Japan,FALSE,Busan,Fukuoka
99,1105,2,0,45,1485,33.829714,130.26875,Shinkai,oil-tanker,6,336,north,refined petroleum,Japan,FALSE,none,Fukuoka
98,1094,2,0,30,1470,33.818286,130.274583,Shinkai,oil-tanker,3,336,north,refined petroleum,Japan,FALSE,none,Fukuoka
97,1085,2,0,15,1455,33.809143,130.26875,Shinkai,oil-tanker,0,65,east,refined petroleum,Japan,TRUE,Fukuoka,Nagasaki
96,1076,2,0,0,1440,33.809143,130.26875,Shinkai,oil-tanker,0,65,east,refined petroleum,Japan,TRUE,Fukuoka,Nagasaki
95,1069,1,23,45,1425,33.809143,130.26875,Shinkai,oil-tanker,0,65,east,refined petroleum,Japan,TRUE,Fukuoka,Nagasaki
94,1060,1,23,30,1410,33.809143,130.26875,Shinkai,oil-tanker,0,65,east,refined petroleum,Japan,TRUE,Fukuoka,Nagasaki
93,1053,1,23,15,1395,33.809143,130.26875,Shinkai,oil-tanker,0,65,east,refined petroleum,Japan,TRUE,Fukuoka,Nagasaki
92,1033,1,23,0,1380,33.809143,130.26875,Shinkai,oil-tanker,3,65,east,refined petroleum,Japan,FALSE,Fukuoka,Nagasaki
91,1022,1,22,45,1365,33.804571,130.25125,Shinkai,oil-tanker,6,69,east,refined petroleum,Japan,FALSE,Fukuoka,Nagasaki
90,1012,1,22,30,1350,33.8,130.23375,Shinkai,oil-tanker,6,69,east,refined petroleum,Japan,FALSE,Fukuoka,Nagasaki
89,1002,1,22,15,1335,33.795429,130.21625,Shinkai,oil-tanker,6,69,east,refined petroleum,Japan,FALSE,Fukuoka,Nagasaki
88,992,1,22,0,1320,33.790857,130.19875,Shinkai,oil-tanker,6,69,east,refined petroleum,Japan,FALSE,Fukuoka,Nagasaki
87,982,1,21,45,1305,33.786286,130.18125,Shinkai,oil-tanker,6,69,east,refined petroleum,Japan,FALSE,Fukuoka,Nagasaki
86,971,1,21,30,1290,33.781714,130.16375,Shinkai,oil-tanker,6,69,east,refined petroleum,Japan,FALSE,Fukuoka,Nagasaki
85,953,1,21,15,1275,33.777143,130.14625,Shinkai,oil-tanker,6,69,east,refined petroleum,Japan,FALSE,Fukuoka,Nagasaki
84,941,1,21,0,1260,33.772571,130.12875,Shinkai,oil-tanker,6,69,east,refined petroleum,Japan,FALSE,Fukuoka,Nagasaki
83,932,1,20,45,1245,33.768,130.11125,Shinkai,oil-tanker,6,69,east,refined petroleum,Japan,FALSE,Fukuoka,Nagasaki
82,924,1,20,30,1230,33.763429,130.09375,Shinkai,oil-tanker,6,69,east,refined petroleum,Japan,FALSE,Fukuoka,Nagasaki
81,916,1,20,15,1215,33.758857,130.07625,Shinkai,oil-tanker,6,69,east,refined petroleum,Japan,FALSE,Fukuoka,Nagasaki
80,908,1,20,0,1200,33.754286,130.05875,Shinkai,oil-tanker,3,69,east,refined petroleum,Japan,FALSE,Fukuoka,Nagasaki
79,900,1,19,45,1185,33.749714,130.04125,Shinkai,oil-tanker,30,65,east,refined petroleum,Japan,FALSE,Fukuoka,Nagasaki
78,890,1,19,30,1170,33.72,129.9625,Shinkai,oil-tanker,6,65,east,refined petroleum,Japan,FALSE,Fukuoka,Nagasaki
77,880,1,19,15,1155,33.713143,129.947917,Shinkai,oil-tanker,6,65,east,refined petroleum,Japan,FALSE,Fukuoka,Nagasaki
76,869,1,19,0,1140,33.706286,129.933333,Shinkai,oil-tanker,6,65,east,refined petroleum,Japan,FALSE,Fukuoka,Nagasaki
75,860,1,18,45,1125,33.699429,129.91875,Shinkai,oil-tanker,6,65,east,refined petroleum,Japan,FALSE,Fukuoka,Nagasaki
74,849,1,18,30,1110,33.692571,129.904167,Shinkai,oil-tanker,6,65,east,refined petroleum,Japan,FALSE,Fukuoka,Nagasaki
73,840,1,18,15,1095,33.685714,129.889583,Shinkai,oil-tanker,6,65,east,refined petroleum,Japan,FALSE,Fukuoka,Nagasaki
72,830,1,18,0,1080,33.678857,129.875,Shinkai,oil-tanker,6,65,east,refined petroleum,Japan,FALSE,Fukuoka,Nagasaki
71,819,1,17,45,1065,33.672,129.860417,Shinkai,oil-tanker,6,65,east,refined petroleum,Japan,FALSE,Fukuoka,Nagasaki
70,809,1,17,30,1050,33.665143,129.845833,Shinkai,oil-tanker,6,65,east,refined petroleum,Japan,FALSE,Fukuoka,Nagasaki
69,799,1,17,15,1035,33.658286,129.83125,Shinkai,oil-tanker,6,65,east,refined petroleum,Japan,FALSE,Fukuoka,Nagasaki
68,790,1,17,0,1020,33.651429,129.816667,Shinkai,oil-tanker,6,65,east,refined petroleum,Japan,FALSE,Fukuoka,Nagasaki
67,779,1,16,45,1005,33.644571,129.802083,Shinkai,oil-tanker,6,65,east,refined petroleum,Japan,FALSE,Fukuoka,Nagasaki
66,761,1,16,30,990,33.637714,129.7875,Shinkai,oil-tanker,6,65,east,refined petroleum,Japan,FALSE,Fukuoka,Nagasaki
65,749,1,16,15,975,33.630857,129.772917,Shinkai,oil-tanker,6,65,east,refined petroleum,Japan,FALSE,Fukuoka,Nagasaki
64,739,1,16,0,960,33.624,129.758333,Shinkai,oil-tanker,6,65,east,refined petroleum,Japan,FALSE,Fukuoka,Nagasaki
63,730,1,15,45,945,33.617143,129.74375,Shinkai,oil-tanker,6,65,east,refined petroleum,Japan,FALSE,Fukuoka,Nagasaki
62,720,1,15,30,930,33.610286,129.729167,Shinkai,oil-tanker,6,65,east,refined petroleum,Japan,FALSE,Fukuoka,Nagasaki
61,709,1,15,15,915,33.603429,129.714583,Shinkai,oil-tanker,6,65,east,refined petroleum,Japan,FALSE,Fukuoka,Nagasaki
60,699,1,15,0,900,33.596571,129.7,Shinkai,oil-tanker,6,65,east,refined petroleum,Japan,FALSE,Fukuoka,Nagasaki
59,680,1,14,45,885,33.589714,129.685417,Shinkai,oil-tanker,6,65,east,refined petroleum,Japan,FALSE,Fukuoka,Nagasaki
58,669,1,14,30,870,33.582857,129.670833,Shinkai,oil-tanker,6,65,east,refined petroleum,Japan,FALSE,Fukuoka,Nagasaki
57,660,1,14,15,855,33.576,129.65625,Shinkai,oil-tanker,6,65,east,refined petroleum,Japan,FALSE,Fukuoka,Nagasaki
56,650,1,14,0,840,33.569143,129.641667,Shinkai,oil-tanker,6,65,east,refined petroleum,Japan,FALSE,Fukuoka,Nagasaki
55,639,1,13,45,825,33.562286,129.627083,Shinkai,oil-tanker,6,65,east,refined petroleum,Japan,FALSE,Fukuoka,Nagasaki
54,630,1,13,30,810,33.555429,129.6125,Shinkai,oil-tanker,3,65,east,refined petroleum,Japan,FALSE,Fukuoka,Nagasaki
53,620,1,13,15,795,33.550857,129.595,Shinkai,oil-tanker,6,69,east,refined petroleum,Japan,FALSE,Fukuoka,Nagasaki
52,610,1,13,0,780,33.546286,129.5775,Shinkai,oil-tanker,6,69,east,refined petroleum,Japan,FALSE,Fukuoka,Nagasaki
51,599,1,12,45,765,33.541714,129.56,Shinkai,oil-tanker,6,69,east,refined petroleum,Japan,FALSE,Fukuoka,Nagasaki
50,590,1,12,30,750,33.537143,129.5425,Shinkai,oil-tanker,6,69,east,refined petroleum,Japan,FALSE,Fukuoka,Nagasaki
49,580,1,12,15,735,33.532571,129.525,Shinkai,oil-tanker,6,69,east,refined petroleum,Japan,FALSE,Fukuoka,Nagasaki
48,569,1,12,0,720,33.528,129.5075,Shinkai,oil-tanker,6,69,east,refined petroleum,Japan,FALSE,Fukuoka,Nagasaki
47,560,1,11,45,705,33.523429,129.49,Shinkai,oil-tanker,6,69,east,refined petroleum,Japan,FALSE,Fukuoka,Nagasaki
46,550,1,11,30,690,33.518857,129.4725,Shinkai,oil-tanker,6,69,east,refined petroleum,Japan,FALSE,Fukuoka,Nagasaki
45,531,1,11,15,675,33.514286,129.455,Shinkai,oil-tanker,6,69,east,refined petroleum,Japan,FALSE,none,Nagasaki
44,520,1,11,0,660,33.509714,129.4375,Shinkai,oil-tanker,3,69,east,refined petroleum,Japan,FALSE,none,Nagasaki
43,511,1,10,45,645,33.512,129.422917,Shinkai,oil-tanker,0,143,south,refined petroleum,Japan,TRUE,Nagasaki,Tsushima
42,503,1,10,30,630,33.512,129.422917,Shinkai,oil-tanker,0,143,south,refined petroleum,Japan,TRUE,Nagasaki,Tsushima
41,494,1,10,15,615,33.512,129.422917,Shinkai,oil-tanker,0,143,south,refined petroleum,Japan,TRUE,Nagasaki,Tsushima
40,487,1,10,0,600,33.512,129.422917,Shinkai,oil-tanker,0,143,south,refined petroleum,Japan,TRUE,Nagasaki,Tsushima
39,478,1,9,45,585,33.512,129.422917,Shinkai,oil-tanker,0,143,south,refined petroleum,Japan,TRUE,Nagasaki,Tsushima
38,468,1,9,30,570,33.512,129.422917,Shinkai,oil-tanker,6,143,south,refined petroleum,Japan,FALSE,Nagasaki,Tsushima
37,448,1,9,15,555,33.523429,129.41125,Shinkai,oil-tanker,6,143,south,refined petroleum,Japan,FALSE,Nagasaki,Tsushima
36,438,1,9,0,540,33.534857,129.399583,Shinkai,oil-tanker,3,143,south,refined petroleum,Japan,FALSE,Nagasaki,Tsushima
35,428,1,8,45,525,33.546286,129.387917,Shinkai,oil-tanker,18,147,south,refined petroleum,Japan,FALSE,Nagasaki,Tsushima
34,420,1,8,30,510,33.580571,129.35875,Shinkai,oil-tanker,18,147,south,refined petroleum,Japan,FALSE,Nagasaki,Tsushima
33,412,1,8,15,495,33.614857,129.329583,Shinkai,oil-tanker,18,147,south,refined petroleum,Japan,FALSE,Nagasaki,Tsushima
32,394,1,8,0,480,33.649143,129.300417,Shinkai,oil-tanker,18,147,south,refined petroleum,Japan,FALSE,none,Tsushima
31,384,1,7,45,465,33.683429,129.27125,Shinkai,oil-tanker,9,147,south,refined petroleum,Japan,FALSE,none,Tsushima
30,374,1,7,30,450,33.722286,129.2625,Shinkai,oil-tanker,18,193,south,refined petroleum,Japan,FALSE,Nagasaki,Tsushima
29,364,1,7,15,435,33.763429,129.274167,Shinkai,oil-tanker,18,193,south,refined petroleum,Japan,FALSE,Nagasaki,Tsushima
28,353,1,7,0,420,33.804571,129.285833,Shinkai,oil-tanker,18,193,south,refined petroleum,Japan,FALSE,Nagasaki,Tsushima
27,343,1,6,45,405,33.845714,129.2975,Shinkai,oil-tanker,18,193,south,refined petroleum,Japan,FALSE,Nagasaki,Tsushima
26,334,1,6,30,390,33.886857,129.309167,Shinkai,oil-tanker,18,193,south,refined petroleum,Japan,FALSE,Nagasaki,Tsushima
25,323,1,6,15,375,33.928,129.320833,Shinkai,oil-tanker,18,193,south,refined petroleum,Japan,FALSE,Nagasaki,Tsushima
24,313,1,6,0,360,33.969143,129.3325,Shinkai,oil-tanker,6,193,south,refined petroleum,Japan,FALSE,Nagasaki,Tsushima
23,303,1,5,45,345,33.982857,129.335417,Shinkai,oil-tanker,6,193,south,refined petroleum,Japan,FALSE,Nagasaki,Tsushima
22,293,1,5,30,330,33.996571,129.338333,Shinkai,oil-tanker,6,193,south,refined petroleum,Japan,FALSE,Nagasaki,Tsushima
21,283,1,5,15,315,34.010286,129.34125,Shinkai,oil-tanker,6,193,south,refined petroleum,Japan,FALSE,Nagasaki,Tsushima
20,274,1,5,0,300,34.024,129.344167,Shinkai,oil-tanker,6,193,south,refined petroleum,Japan,FALSE,Nagasaki,Tsushima
19,263,1,4,45,285,34.037714,129.347083,Shinkai,oil-tanker,6,193,south,refined petroleum,Japan,FALSE,Nagasaki,Tsushima
18,253,1,4,30,270,34.051429,129.35,Shinkai,oil-tanker,6,193,south,refined petroleum,Japan,FALSE,Nagasaki,Tsushima
17,235,1,4,15,255,34.065143,129.352917,Shinkai,oil-tanker,6,193,south,refined petroleum,Japan,FALSE,none,Tsushima
16,224,1,4,0,240,34.078857,129.355833,Shinkai,oil-tanker,3,193,south,refined petroleum,Japan,FALSE,none,Tsushima
15,215,1,3,45,225,34.085714,129.3675,Shinkai,oil-tanker,0,270,west,refined petroleum,Japan,TRUE,Tsushima,none
14,206,1,3,30,210,34.085714,129.3675,Shinkai,oil-tanker,0,270,west,refined petroleum,Japan,TRUE,Tsushima,none
13,199,1,3,15,195,34.085714,129.3675,Shinkai,oil-tanker,0,270,west,refined petroleum,Japan,TRUE,Tsushima,none
12,191,1,3,0,180,34.085714,129.3675,Shinkai,oil-tanker,0,270,west,refined petroleum,Japan,TRUE,Tsushima,none
11,182,1,2,45,165,34.085714,129.3675,Shinkai,oil-tanker,0,270,west,refined petroleum,Japan,TRUE,Tsushima,none
10,171,1,2,30,150,34.085714,129.3675,Shinkai,oil-tanker,6,270,west,refined petroleum,Japan,FALSE,Tsushima,none
9,162,1,2,15,135,34.085714,129.385,Shinkai,oil-tanker,6,270,west,refined petroleum,Japan,FALSE,Tsushima,none
8,151,1,2,0,120,34.085714,129.4025,Shinkai,oil-tanker,6,270,west,refined petroleum,Japan,FALSE,Tsushima,none
7,141,1,1,45,105,34.085714,129.42,Shinkai,oil-tanker,6,270,west,refined petroleum,Japan,FALSE,Tsushima,none
6,131,1,1,30,90,34.085714,129.4375,Shinkai,oil-tanker,6,270,west,refined petroleum,Japan,FALSE,Tsushima,none
5,121,1,1,15,75,34.085714,129.455,Shinkai,oil-tanker,6,270,west,refined petroleum,Japan,FALSE,Tsushima,none
4,111,1,1,0,60,34.085714,129.4725,Shinkai,oil-tanker,6,270,west,refined petroleum,Japan,FALSE,Tsushima,none
3,102,1,0,45,45,34.085714,129.49,Shinkai,oil-tanker,6,270,west,refined petroleum,Japan,FALSE,Tsushima,none
2,66,1,0,30,30,34.085714,129.5075,Shinkai,oil-tanker,6,270,west,refined petroleum,Japan,FALSE,none,none
1,56,1,0,15,15,34.085714,129.525,Shinkai,oil-tanker,3,270,west,refined petroleum,Japan,FALSE,none,none
0,30,1,0,0,0,34.085714,129.525,Shinkai,oil-tanker,0,90,east,refined petroleum,Japan,FALSE,none,none
